<application>
  <component name="FindSettings">
    <option name="customScope" value="Project and Libraries" />
    <option name="defaultScopeName" value="Project and Libraries" />
    <option name="SEARCH_SCOPE" value="Project and Libraries" />
    <mask>*.css</mask>
    <mask>*.html</mask>
    <mask>*.jsp</mask>
    <mask>!*.vm</mask>
    <mask>*.proto</mask>
    <mask>*.vm11</mask>
    <mask>*.json</mask>
    <mask>*.kt</mask>
    <mask>*.groovy, *.java</mask>
    <mask>*.less</mask>
    <mask>*.xml</mask>
    <mask>!*.js, !*.js.map</mask>
    <mask>!*.js, !*.js.map, !*.json</mask>
    <mask>*Filter.java</mask>
    <mask>*.properties</mask>
    <mask>*.js</mask>
    <mask>*.ts</mask>
    <mask>*.pro</mask>
    <mask>*.groovy</mask>
    <mask>*.java, *.groovy</mask>
    <mask>*.vm</mask>
    <mask>*.java</mask>
    <mask>*.java, *.groovy, *.vm</mask>
  </component>
</application>