<application>
  <component name="LineMarkerSettings">
    <option name="providers">
      <map>
        <entry key="com.intellij.codeInsight.ExternalAnnotationLineMarkerProvider" value="true" />
        <entry key="com.intellij.codeInsight.InferredContractAnnotationsLineMarkerProvider" value="false" />
        <entry key="com.intellij.codeInsight.InferredNullabilityAnnotationsLineMarkerProvider" value="true" />
        <entry key="com.intellij.codeInsight.daemon.impl.IconLineMarkerProvider" value="true" />
        <entry key="com.intellij.codeInsight.daemon.impl.RecursiveCallLineMarkerProvider" value="true" />
        <entry key="com.intellij.execution.lineMarker.RunLineMarkerProvider" value="true" />
        <entry key="com.intellij.ui.ColorLineMarkerProvider" value="true" />
        <entry key="com.vladsch.idea.multimarkdown.language.MdLineMarkerProvider..spec.example" value="true" />
        <entry key="com.vladsch.idea.multimarkdown.language.MdLineMarkerProvider.emoji.shortcut" value="false" />
        <entry key="com.vladsch.idea.multimarkdown.language.MdLineMarkerProvider.jekyll.include" value="true" />
        <entry key="com.vladsch.idea.multimarkdown.language.MdLineMarkerProvider.link.anchor.a.tag" value="true" />
        <entry key="com.vladsch.idea.multimarkdown.language.MdLineMarkerProvider.link.anchor.heading" value="true" />
        <entry key="com.vladsch.idea.multimarkdown.language.MdLineMarkerProvider.link.anchor.id.attribute" value="true" />
        <entry key="com.vladsch.idea.multimarkdown.language.MdLineMarkerProvider.link.anchor.line.selection" value="true" />
        <entry key="com.vladsch.idea.multimarkdown.language.MdLineMarkerProvider.link.ref.custom" value="true" />
        <entry key="com.vladsch.idea.multimarkdown.language.MdLineMarkerProvider.link.ref.file" value="true" />
        <entry key="com.vladsch.idea.multimarkdown.language.MdLineMarkerProvider.link.ref.ftp" value="true" />
        <entry key="com.vladsch.idea.multimarkdown.language.MdLineMarkerProvider.link.ref.gitHub" value="true" />
        <entry key="com.vladsch.idea.multimarkdown.language.MdLineMarkerProvider.link.ref.image" value="true" />
        <entry key="com.vladsch.idea.multimarkdown.language.MdLineMarkerProvider.link.ref.jetbrains" value="true" />
        <entry key="com.vladsch.idea.multimarkdown.language.MdLineMarkerProvider.link.ref.mail" value="true" />
        <entry key="com.vladsch.idea.multimarkdown.language.MdLineMarkerProvider.link.ref.markdown" value="true" />
        <entry key="com.vladsch.idea.multimarkdown.language.MdLineMarkerProvider.link.ref.upsource" value="true" />
        <entry key="com.vladsch.idea.multimarkdown.language.MdLineMarkerProvider.link.ref.web" value="true" />
        <entry key="com.vladsch.idea.multimarkdown.language.MdLineMarkerProvider.reference.ref.footnote" value="true" />
        <entry key="com.vladsch.idea.multimarkdown.language.MdLineMarkerProvider.reference.ref.image" value="true" />
        <entry key="com.vladsch.idea.multimarkdown.language.MdLineMarkerProvider.reference.ref.link" value="true" />
        <entry key="com.vladsch.idea.multimarkdown.language.MdLineMarkerProvider.reference.ref.macro" value="true" />
        <entry key="com.vladsch.idea.multimarkdown.language.MdLineMarkerProvider.toc" value="true" />
        <entry key="com.vladsch.idea.multimarkdown.language.flex.FlexmarkLineMarkerProvider.spec.example.option" value="true" />
        <entry key="com.vladsch.idea.multimarkdown.language.flex.FlexmarkLineMarkerProvider.spec.file" value="true" />
        <entry key="java.implemented" value="true" />
        <entry key="java.implementing" value="true" />
        <entry key="java.lambda" value="false" />
        <entry key="java.overridden" value="true" />
        <entry key="java.overriding" value="true" />
        <entry key="java.service" value="true" />
        <entry key="java.sibling.inherited" value="true" />
        <entry key="kotlin.actual" value="true" />
        <entry key="kotlin.dsl" value="true" />
        <entry key="kotlin.expect" value="true" />
        <entry key="kotlin.implemented" value="true" />
        <entry key="kotlin.implementing" value="true" />
        <entry key="kotlin.overridden" value="true" />
        <entry key="kotlin.overriding" value="true" />
      </map>
    </option>
  </component>
</application>