<application>
  <component name="DependencyUISettings">
    <option name="UI_FLATTEN_PACKAGES" value="false" />
    <option name="UI_SHOW_FILES" value="false" />
    <option name="UI_SHOW_MODULES" value="false" />
    <option name="UI_COMPACT_EMPTY_MIDDLE_PACKAGES" value="false" />
  </component>
  <component name="KeyboardSettings">
    <option name="enabled" value="true" />
  </component>
  <component name="UISettings">
    <option name="EDITOR_TAB_PLACEMENT" value="0" />
    <option name="HIDE_TOOL_STRIPES" value="true" />
    <option name="MAX_LOOKUP_LIST_HEIGHT" value="23" />
    <option name="MAX_LOOKUP_WIDTH2" value="787" />
    <option name="OVERRIDE_NONIDEA_LAF_FONTS" value="true" />
    <option name="RECENT_FILES_LIMIT" value="20" />
    <option name="RECENT_LOCATIONS_LIMIT" value="10" />
    <option name="SHOW_MAIN_MENU" value="false" />
    <option name="SHOW_NAVIGATION_BAR" value="false" />
    <option name="SHOW_STATUS_BAR" value="false" />
    <option name="showTreeIndentGuides" value="true" />
    <option name="smoothScrolling" value="false" />
    <option name="CONTRAST_SCROLLBARS" value="true" />
  </component>
</application>